farm_id,latitude,longitude,area_ha
HU-P01,2.585125,-76.28915,2.9
HU-P02,2.615856,-75.47074,2.14
HU-P03,2.408328,-75.95586,3.08
HU-P04,1.948022,-75.939538,3.0
HU-P05,1.74694,-76.219989,2.77
HU-P06,2.49575,-75.508844,3.39
HU-P07,2.624495,-75.621024,0.62
HU-P08,2.558775,-75.66634,2.09
HU-P09,2.505283,-76.006139,1.42
HU-P10,2.448803,-75.645984,2.13
HU-P11,2.478173,-75.930008,1.31
HU-P12,2.713462,-75.652999,3.12
HU-P13,2.316976,-75.826176,1.49
HU-P14,2.374743,-75.902848,2.04
HU-P15,2.555779,-75.540265,1.88
HU-P16,2.529682,-75.893711,2.09
HU-S1,-76.342815,2.072237,1.2
HU-S2,-75.935167,1.971703,2.0
HU-R1,2.318,-75.727,1.0
HU-G1,2.540414,-76.222518,6.5
HU-X1,-0.21,-78.52,1.0
